,Note,rawdepth_top_m,rawdepth_bottom_m,left_fromcenter_mm,right_fromcenter_mm,top_fromcenter_mm,bot_fromcenter_mm,topdepth_dipadj,middepth_dipadj,botdepth_dipadj,dD,d17O,d18O,dxs,Cl-,NO3-,SO42-,Na+,K+,Mg2+,Ca+,Li,Rb,Sr,Y,Cd,Cs,Ba,La,Ce,Pr,Nd,Sm,Eu,Tb,Gd,Dy,Ho,Er,Tm,Yb,Lu,Pb,Th,U,V,Cr,As,Mn,Co,Ni,Cu,Zn,Na,Mg,Al,P,Ca,Ti,Fe,S,K,Total Volume,Vol >4,Vol ratio >4,Vol >6,Vol ratio >6,Vol >8,Vol ratio >8,Vol >10,Vol ratio >10,Vol >12,Vol ratio >12,Vol <4,Vol ratio <4,Vol <6,Vol ratio <6,Vol <8,Vol ratio <8,Vol <10,Vol ratio <10,Vol <12,Mode Particle Size (Âµm),CO2
LIC1,IC and coulter,155.065,155.095,80,110,30,0,155.12695031239704,155.14195031239703,155.15695031239704,,,,,113.5968,31.6494,447.8344,330.738,1.9499,11.1026,79.1397,,,,,,,,,,,,,,,,,,,,,,,,,,,,,,,,,,,,,,,,,,445684.3436131997,271945.4144598329,0.6101749329023968,164685.78511473234,0.3695121614091514,81916.07491524574,0.1837984126863092,33200.42018450939,0.074493126,9357.011914,0.0209947063379244,173738.92915336706,0.3898250670976037,280998.5584984675,0.6304878385908489,363768.2687,0.8162015873136909,412483.9234286903,0.925506874,436327.3317,7.1,
LIC2,IC and coulter,155.0957857,155.1257857,80,110,30,0,155.15773601239704,155.17273601239705,155.18773601239704,,,,,125.7784,38.4252,270.1831,109.0991,0.8173,9.1282,92.7211,,,,,,,,,,,,,,,,,,,,,,,,,,,,,,,,,,,,,,,,,,322110.75142070686,246427.41030176383,0.7650393823083121,185320.35631951643,0.5753311725924686,123382.04872024192,0.3830423175136225,66866.77238431545,0.2075893837426779,29205.111409170186,0.090667919,75683.34111894299,0.2349606176916878,136790.39510119043,0.4246688274075315,198728.70270046493,0.6169576824863775,255243.9790363914,0.792410616,292905.6400115367,8.9,
LIC3,IC and coulter,155.1265714,155.1565714,80,110,30,0,155.18852171239703,155.20352171239702,155.21852171239703,,,,,134.1413,43.7769,250.2346,114.5509,40.3887,8.4338,103.7826,,,,,,,,,,,,,,,,,,,,,,,,,,,,,,,,,,,,,,,,,,203344.2377455952,149368.19352110237,0.7345582799743631,110393.11895543186,0.5428878643394122,70885.19236,0.3485970054769049,36420.11477315362,0.1791057134292586,19525.61077359696,0.096022444,53976.04422449297,0.2654417200256376,92951.11879,0.4571121356605881,132459.0453864969,0.6514029945230951,166924.1229724416,0.8208942865707415,183818.62697199825,8.4,
LIC4,IC and coulter,155.1573571,155.1973571,80,110,30,0,155.21930741239706,155.23930741239704,155.25930741239705,,,,,152.8682,40.2929,621.6103,389.0413,22.8651,8.4912,150.6863,,,,,,,,,,,,,,,,,,,,,,,,,,,,,,,,,,,,,,,,,,255372.85532896567,102187.66404425498,0.4001508457608742,51811.71108959586,0.2028865245793377,25956.8086473368,0.1016427866379917,8578.938469,0.033593776,1180.497473860315,0.004622643,153185.1912847107,0.5998491542391258,203561.14423936975,0.7971134754206621,229416.04668162885,0.8983572133620081,246793.91685948585,0.9664062241132534,254192.35785510537,3.2,
LIC5,IC and coulter,155.1981429,155.2411429,80,110,30,0,155.26009321239704,155.28159321239704,155.30309321239704,,,,,88.094,21.7243,218.3683,81.0064,2.4848,9.4222,61.742,,,,,,,,,,,,,,,,,,,,,,,,,,,,,,,,,,,,,,,,,,416082.0864900706,325848.27673727216,0.7831345960745854,251347.33739230424,0.6040811309916905,180088.92036417878,0.4328206529710248,113995.9527804593,0.2739746710609222,57733.80820339183,0.1387558130426016,90233.80975279852,0.2168654039254147,164734.74909776653,0.3959188690083098,235993.16612589185,0.5671793470289752,302086.1337096114,0.7260253289390779,358348.27828667883,11.0,
LIC6,IC and coulter,155.2419286,155.2774286,80,110,30,0,155.30387891239704,155.32162891239705,155.33937891239705,,,,,85.7631,22.5522,172.1448,75.7705,10.5139,8.7115,49.9899,,,,,,,,,,,,,,,,,,,,,,,,,,,,,,,,,,,,,,,,,,733150.8785482317,604100.6511975636,0.8239786227819704,491277.3213347891,0.6700903398050958,355729.4878114857,0.4852063855067499,228002.4563517494,0.3109898153613817,132415.3145801037,0.1806112745064282,129050.22735066812,0.1760213772180296,241873.55721344237,0.3299096601949038,377421.3907367459,0.514793614,505148.4221964823,0.6890101846386183,600735.564,9.0,
LIC7,IC and coulter,155.2782143,155.3072143,80,110,30,0,155.34016461239705,155.35466461239704,155.36916461239704,,,,,75.9413,22.5152,203.0844,138.7788,13.4365,12.7429,26.4104,,,,,,,,,,,,,,,,,,,,,,,,,,,,,,,,,,,,,,,,,,1529067.4898971163,1208453.3376763233,0.7903204702610179,955939.917139092,0.6251783675051601,691983.0367393061,0.4525523178743839,453712.19135163765,0.2967247648317772,267850.70621071063,0.1751725858933362,320614.15222079353,0.2096795297389823,573127.5727580255,0.3748216324948407,837084.4532,0.5474476821256166,1075355.298545479,0.7032752351682231,1261216.7836864062,9.3,
LIC8,IC and coulter,155.308,155.338,80,110,30,0,155.36995031239704,155.38495031239702,155.39995031239704,,,,,84.5397,26.1177,190.3981,83.8274,2.007,8.8626,48.2638,,,,,,,,,,,,,,,,,,,,,,,,,,,,,,,,,,,,,,,,,,300538.1391919198,246601.68156974064,0.820533734,203224.31895079592,0.6762014282021606,152426.3727192941,0.507178134,94073.40246003744,0.3130165200096729,50607.21352774456,0.1683886566404387,53936.457622179165,0.179466266,97313.82024112392,0.3237985717978394,148111.76647262563,0.4928218657068458,206464.73673188235,0.6869834799903269,249930.92566417524,9.0,
RIC1,IC and coulter,155.083,155.113,-80,-50,30,0,155.02104968760298,155.036049687603,155.05104968760298,,,,,69.5477,14.2625,152.598,195.0584,1.4918,9.132,27.3218,,,,,,,,,,,,,,,,,,,,,,,,,,,,,,,,,,,,,,,,,,317448.9179736841,268873.50665429,0.8469819597135281,208468.41756928308,0.6566990963458401,139403.64917184802,0.4391372636003262,85670.11264567061,0.2698705454487405,43240.86963287699,0.136213630554764,48575.41131939415,0.153018040286472,108980.50040440106,0.343300904,178045.26880183606,0.5608627363996739,231778.80532801352,0.7301294545512597,274208.04834080714,8.0,
RIC2,IC and coulter,155.1140833,155.1440833,-80,-50,30,0,155.052132987603,155.06713298760295,155.082132987603,,,,,83.418,19.2221,161.4143,74.0654,7.3771,12.0658,20.7335,,,,,,,,,,,,,,,,,,,,,,,,,,,,,,,,,,,,,,,,,,139795.64118547636,85718.39710081408,0.6131693118177102,63150.69335329025,0.4517357824447755,43468.04686096293,0.3109399298315097,26479.41992027011,0.1894152041917964,13669.684566853744,0.097783339,54077.244084662336,0.3868306881822902,76644.94783218618,0.548264218,96327.59432451344,0.6890600701684905,113316.22126520627,0.8105847958082038,126125.95661862264,,
RIC3,IC and coulter,155.1451667,155.1816667,-80,-50,30,0,155.083216387603,155.10146638760298,155.11971638760298,,,,,72.063,18.7655,152.5658,58.1382,2.3317,10.8804,18.9752,,,,,,,,,,,,,,,,,,,,,,,,,,,,,,,,,,,,,,,,,,574833.7280217786,459563.9734961556,0.7994728755351393,359693.8362578253,0.6257354409172693,275255.3230973779,0.478843376,198230.56846971385,0.344848534,126116.15955783584,0.2193958938210697,115269.75452562304,0.2005271244648606,215139.8917639533,0.3742645590827306,299578.4049244007,0.5211566237690398,376603.1595520647,0.6551514658823158,448717.56846394273,10.3,
RIC4,IC and coulter,155.18275,155.21275,-80,-50,30,0,155.12079968760298,155.13579968760297,155.15079968760298,,,,,86.4995,24.2441,219.8693,68.6241,7.581,10.0582,40.1059,,,,,,,,,,,,,,,,,,,,,,,,,,,,,,,,,,,,,,,,,,522694.6981503788,418304.9319721798,0.8002853930839641,327164.42030252126,0.6259187656967516,232155.08453913292,0.4441504483604732,152283.6694647682,0.2913434362423097,89587.12911184283,0.1713947538187362,104389.76617819876,0.1997146069160356,195530.27784785733,0.374081234,290539.6136112457,0.5558495516395265,370411.0286856106,0.7086565637576904,433107.569,8.2,
RIC5,IC and coulter,155.2138333,155.2438333,-80,-50,30,0,155.151882987603,155.166882987603,155.181882987603,,,,,135.2512,35.9592,261.0586,109.6344,2.4346,9.1635,86.1654,,,,,,,,,,,,,,,,,,,,,,,,,,,,,,,,,,,,,,,,,,663466.3401916943,526413.4518705563,0.793429026,419716.7455385076,0.6326119655403158,306090.53793124406,0.4613505152993983,196940.4345376284,0.296835608,109475.54875714178,0.1650054300049512,137052.88832113796,0.2065709743188169,243749.5946531868,0.3673880344596842,357375.80226045026,0.5386494847006017,466525.905654066,0.7031643919106331,553990.7914345526,9.6,
RIC6,IC and coulter,155.2449167,155.2899167,-80,-50,30,0,155.182966387603,155.205466387603,155.22796638760298,,,,,132.2604,43.7556,586.4669,134.3606,1.637,10.245,173.4386,,,,,,,,,,,,,,,,,,,,,,,,,,,,,,,,,,,,,,,,,,1048144.3642561092,862744.0242460802,0.8231156448171033,686076.5990899886,0.654563076,501217.7354,0.4781953254445555,324192.9620425321,0.3093018224379986,190319.37417179008,0.1815774435870423,185400.34001002889,0.1768843551828965,362067.7651661207,0.3454369240663598,546926.6288777824,0.5218046745554444,723951.4022135773,0.6906981775620014,857824.9900843193,9.1,
RIC7,IC and coulter,155.291,155.333,-80,-50,30,0,155.22904968760298,155.250049687603,155.27104968760298,,,,,128.8409,37.6401,323.5197,143.5286,9.0152,7.2912,109.4226,,,,,,,,,,,,,,,,,,,,,,,,,,,,,,,,,,,,,,,,,,270079.2374343018,164907.60116080908,0.610589702,104052.86526258176,0.3852679171159655,66079.01937531924,0.2446653063858465,42006.96520065186,0.1555357072232191,15965.06773346765,0.059112533,105171.63627349256,0.3894102977800213,166026.37217171988,0.6147320828840338,204000.2180589825,0.7553346936141532,228072.27223364988,0.8444642927767806,254114.1697008341,4.2,
ICPMS1,ICPMS,155.083,155.114,-100,-80,30,0,155.0016902149789,155.0171902149789,155.0326902149789,,,,,,,,,,,,21.63382,33.28885,186.42235,12.14826,1.34334,2.72459,166.51567,20.78503,37.27648,4.43874,17.00564,3.04868,0.67927,0.41721,2.90259,2.37442,0.45042,1.29539,0.18521,1.13857,0.16743,47.66123547,5.51545,1.74255,36.38122,22.14987,5.60599,715.79165,21.23385,77.16325,175.82319,459.27239,62.53391,18.1808,36.2709941,1.19957,69.1187,0.5213,10.65530843,72.22112,7.77335,,,,,,,,,,,,,,,,,,,,,,
ICPMS2,ICPMS,155.115,155.146,-100,-80,30,0,155.03369021497892,155.0491902149789,155.0646902149789,,,,,,,,,,,,18.60966,31.65092,245.20747,9.53696,0.95172,1.84652,142.80623,17.30428,34.64083,4.13786,16.3928,2.89617,0.73426,0.36144,2.53001,1.90495,0.35082,0.99537,0.13551,0.94309,0.12426,23.55754509,2.72405,1.18751,36.87578,24.7734,5.38275,641.63974,9.23079,46.48144,401.2891,1991.39896,58.88036,15.98301,33.09057622,2.67462,49.2022,0.74783,12.25592396,65.93077,11.35352,,,,,,,,,,,,,,,,,,,,,,
ICPMS3,ICPMS,155.147,155.1845,-100,-80,30,0,155.0656902149789,155.0844402149789,155.10319021497892,,,,,,,,,,,,19.76675,33.00651,236.41182,10.24995,0.64441,1.84219,130.56001,20.39455,38.30445,4.28139,16.71453,2.94389,0.69741,0.38258,2.56246,2.07673,0.3722,1.06218,0.14749,0.91753,0.13067,57.97882751,3.21794,0.94471,24.56973,12.9206,3.49754,715.55263,20.75799,50.25984,135.48811,1147.77961,61.71846,20.42869,41.50856138,0.94215,41.14631,0.54436,9.56399044,71.11735,8.777,,,,,,,,,,,,,,,,,,,,,,
ICPMS4,ICPMS,155.1855,155.2155,-100,-80,30,0,155.1041902149789,155.1191902149789,155.1341902149789,,,,,,,,,,,,16.40404,25.50199,159.73036,6.72844,0.82285,1.38329,79.60182,13.51117,25.58032,3.25469,12.40367,2.1115,0.4912,0.26508,1.82785,1.3199,0.24266,0.75143,0.10427,0.61042,0.07669,28.51680366,2.99068,0.69096,17.736,10.54157,3.62157,411.44576,7.58659,27.28585,125.88746,669.71535,46.98709,11.32015,26.7906914,0.85078,34.03465,0.33707,6.33823386,54.25193,7.89477,,,,,,,,,,,,,,,,,,,,,,
ICPMS5,ICPMS,155.2165,155.247,-100,-80,30,0,155.1351902149789,155.15044021497891,155.16569021497892,,,,,,,,,,,,39.87791,71.83247,265.3177,22.16371,1.05085,8.91694,284.68014,32.71159,65.6047,7.38388,28.52657,5.74732,1.02164,0.77342,5.06796,4.25277,0.80311,2.31824,0.3052,2.07887,0.30477,43.03560096,10.17414,4.05238,657.45634,46.95531,13.54368,1520.09306,29.09195,114.00025,151.41453,1162.82686,82.17478,25.39291,78.3031145,1.67427,188.39144,1.20946,26.38930363,110.41058,13.03784,,,,,,,,,,,,,,,,,,,,,,
ICPMS6,ICPMS,155.248,155.285,-100,-80,30,0,155.1666902149789,155.18519021497892,155.2036902149789,,,,,,,,,,,,115.88811,162.3027,516.44806,88.08631,1.84931,19.61131,759.89952,113.21825,229.33776,26.31564,104.80066,21.34708,3.48646,3.00913,20.41248,16.8019,3.21631,9.26945,1.21271,7.59791,1.05953,164.1887257,35.32407,10.60675,374.08475,174.87735,72.50583,2379.5718,84.46903,232.7806,267.03026,2724.26087,107.92181,45.82322,244.4469548,3.01438,159.85494,2.79434,112.9499644,97.1655,28.56674,,,,,,,,,,,,,,,,,,,,,,
ICPMS7,ICPMS,155.286,155.328,-100,-80,30,0,155.2046902149789,155.22569021497893,155.2466902149789,,,,,,,,,,,,60.84043,117.20781,548.68291,52.06274,1.50706,14.05236,591.15374,62.9041,119.00666,13.80153,54.50769,10.7095,2.18159,1.62739,10.5215,9.14044,1.71053,4.88555,0.63873,4.06939,0.57868,66.02682738,19.32904,5.43682,203.91786,89.75508,18.03344,2317.50761,50.55934,108.63483,251.47301,1914.9682,107.9639,35.02778,157.399246,1.95653,173.08123,3.75026,53.2027871,105.02963,24.02085,,,,,,,,,,,,,,,,,,,,,,
LISO1,water iso,155.065,155.075,110,120,30,0,155.1424378904963,155.1474378904963,155.1524378904963,-296.18,-19.7,-37.03,0.07,,,,,,,,,,,,,,,,,,,,,,,,,,,,,,,,,,,,,,,,,,,,,,,,,,,,,,,,,,,,,,,,,,,,,,
LISO2,water iso,155.0761,155.0861,110,120,30,0,155.1535378904963,155.1585378904963,155.1635378904963,-295.74,-19.69,-36.96,-0.05,,,,,,,,,,,,,,,,,,,,,,,,,,,,,,,,,,,,,,,,,,,,,,,,,,,,,,,,,,,,,,,,,,,,,,
LISO3,water iso,155.0873,155.0973,110,120,30,0,155.1647378904963,155.1697378904963,155.1747378904963,-295.99,-19.72,-37.05,0.4,,,,,,,,,,,,,,,,,,,,,,,,,,,,,,,,,,,,,,,,,,,,,,,,,,,,,,,,,,,,,,,,,,,,,,
LISO4,water iso,155.0984,155.1084,110,120,30,0,155.1758378904963,155.1808378904963,155.1858378904963,-296.24,-19.8,-37.22,1.49,,,,,,,,,,,,,,,,,,,,,,,,,,,,,,,,,,,,,,,,,,,,,,,,,,,,,,,,,,,,,,,,,,,,,,
LISO5,water iso,155.1095,155.1195,110,120,30,0,155.1869378904963,155.1919378904963,155.1969378904963,-296.55,-19.9,-37.4,2.62,,,,,,,,,,,,,,,,,,,,,,,,,,,,,,,,,,,,,,,,,,,,,,,,,,,,,,,,,,,,,,,,,,,,,,
LISO6,water iso,155.1207,155.1307,110,120,30,0,155.1981378904963,155.2031378904963,155.2081378904963,-296.07,-19.81,-37.23,1.8,,,,,,,,,,,,,,,,,,,,,,,,,,,,,,,,,,,,,,,,,,,,,,,,,,,,,,,,,,,,,,,,,,,,,,
LISO7,water iso,155.1318,155.1418,110,120,30,0,155.2092378904963,155.2142378904963,155.2192378904963,-295.07,-19.62,-36.86,-0.2,,,,,,,,,,,,,,,,,,,,,,,,,,,,,,,,,,,,,,,,,,,,,,,,,,,,,,,,,,,,,,,,,,,,,,
LISO8,water iso,155.1429,155.1529,110,120,30,0,155.2203378904963,155.2253378904963,155.2303378904963,-294.05,-19.6,-36.81,0.4,,,,,,,,,,,,,,,,,,,,,,,,,,,,,,,,,,,,,,,,,,,,,,,,,,,,,,,,,,,,,,,,,,,,,,
LISO9,water iso,155.154,155.164,110,120,30,0,155.2314378904963,155.2364378904963,155.2414378904963,-293.9,-19.76,,3.85,,,,,,,,,,,,,,,,,,,,,,,,,,,,,,,,,,,,,,,,,,,,,,,,,,,,,,,,,,,,,,,,,,,,,,
LISO10,water iso,155.1652,155.1752,110,120,30,0,155.2426378904963,155.2476378904963,155.2526378904963,-293.23,-19.5,-36.71,0.41,,,,,,,,,,,,,,,,,,,,,,,,,,,,,,,,,,,,,,,,,,,,,,,,,,,,,,,,,,,,,,,,,,,,,,
LISO11,water iso,155.1763,155.1863,110,120,30,0,155.2537378904963,155.2587378904963,155.2637378904963,-292.74,-19.47,-36.64,0.37,,,,,,,,,,,,,,,,,,,,,,,,,,,,,,,,,,,,,,,,,,,,,,,,,,,,,,,,,,,,,,,,,,,,,,
LISO12,water iso,155.1874,155.1974,110,120,30,0,155.2648378904963,155.2698378904963,155.2748378904963,-292.31,-19.47,-36.6,0.51,,,,,,,,,,,,,,,,,,,,,,,,,,,,,,,,,,,,,,,,,,,,,,,,,,,,,,,,,,,,,,,,,,,,,,
LISO13,water iso,155.1986,155.2086,110,120,30,0,155.2760378904963,155.2810378904963,155.2860378904963,-292.0,-19.48,-36.63,1.01,,,,,,,,,,,,,,,,,,,,,,,,,,,,,,,,,,,,,,,,,,,,,,,,,,,,,,,,,,,,,,,,,,,,,,
LISO14,water iso,155.2097,155.2197,110,120,30,0,155.2871378904963,155.2921378904963,155.2971378904963,-291.5,-19.46,-36.56,1.0,,,,,,,,,,,,,,,,,,,,,,,,,,,,,,,,,,,,,,,,,,,,,,,,,,,,,,,,,,,,,,,,,,,,,,
LISO15,water iso,155.2208,155.2308,110,120,30,0,155.2982378904963,155.3032378904963,155.3082378904963,-291.57,-19.43,-36.54,0.76,,,,,,,,,,,,,,,,,,,,,,,,,,,,,,,,,,,,,,,,,,,,,,,,,,,,,,,,,,,,,,,,,,,,,,
LISO16,water iso,155.232,155.242,110,120,30,0,155.3094378904963,155.3144378904963,155.3194378904963,-291.53,-19.47,-36.56,0.94,,,,,,,,,,,,,,,,,,,,,,,,,,,,,,,,,,,,,,,,,,,,,,,,,,,,,,,,,,,,,,,,,,,,,,
LISO17,water iso,155.2431,155.2531,110,120,30,0,155.3205378904963,155.3255378904963,155.3305378904963,-291.63,-19.49,-36.64,1.46,,,,,,,,,,,,,,,,,,,,,,,,,,,,,,,,,,,,,,,,,,,,,,,,,,,,,,,,,,,,,,,,,,,,,,
LISO18,water iso,155.2542,155.2642,110,120,30,0,155.3316378904963,155.3366378904963,155.3416378904963,-291.66,-19.46,-36.55,0.75,,,,,,,,,,,,,,,,,,,,,,,,,,,,,,,,,,,,,,,,,,,,,,,,,,,,,,,,,,,,,,,,,,,,,,
LISO19,water iso,155.2653,155.2753,110,120,30,0,155.3427378904963,155.3477378904963,155.3527378904963,-291.21,-19.41,-36.48,0.59,,,,,,,,,,,,,,,,,,,,,,,,,,,,,,,,,,,,,,,,,,,,,,,,,,,,,,,,,,,,,,,,,,,,,,
LISO20,water iso,155.2765,155.2865,110,120,30,0,155.3539378904963,155.3589378904963,155.3639378904963,-290.92,-19.42,-36.49,1.0,,,,,,,,,,,,,,,,,,,,,,,,,,,,,,,,,,,,,,,,,,,,,,,,,,,,,,,,,,,,,,,,,,,,,,
LISO21,water iso,155.2876,155.2976,110,120,30,0,155.3650378904963,155.3700378904963,155.3750378904963,-291.08,-19.49,-36.62,1.86,,,,,,,,,,,,,,,,,,,,,,,,,,,,,,,,,,,,,,,,,,,,,,,,,,,,,,,,,,,,,,,,,,,,,,
LISO22,water iso,155.2987,155.3087,110,120,30,0,155.3761378904963,155.3811378904963,155.3861378904963,-292.0,-19.53,-36.74,1.9,,,,,,,,,,,,,,,,,,,,,,,,,,,,,,,,,,,,,,,,,,,,,,,,,,,,,,,,,,,,,,,,,,,,,,
LISO23,water iso,155.3099,155.3199,110,120,30,0,155.3873378904963,155.3923378904963,155.3973378904963,-293.97,-19.63,-36.87,0.96,,,,,,,,,,,,,,,,,,,,,,,,,,,,,,,,,,,,,,,,,,,,,,,,,,,,,,,,,,,,,,,,,,,,,,
LISO24,water iso,155.321,155.338,110,120,30,0,155.3984378904963,155.4069378904963,155.4154378904963,-294.24,-19.63,-36.88,0.83,,,,,,,,,,,,,,,,,,,,,,,,,,,,,,,,,,,,,,,,,,,,,,,,,,,,,,,,,,,,,,,,,,,,,,
RISO1,water iso,155.083,155.093,-120,-100,30,0,154.98620263687965,154.99120263687965,154.99620263687964,-291.11,-19.42,-36.48,0.77,,,,,,,,,,,,,,,,,,,,,,,,,,,,,,,,,,,,,,,,,,,,,,,,,,,,,,,,,,,,,,,,,,,,,,
RISO2,water iso,155.0941,155.1041,-120,-100,30,0,154.99730263687965,155.00230263687965,155.00730263687964,-291.67,-19.42,-36.49,0.26,,,,,,,,,,,,,,,,,,,,,,,,,,,,,,,,,,,,,,,,,,,,,,,,,,,,,,,,,,,,,,,,,,,,,,
RISO3,water iso,155.1051,155.1151,-120,-100,30,0,155.00830263687965,155.01330263687964,155.01830263687967,-291.6,-19.46,-36.58,1.01,,,,,,,,,,,,,,,,,,,,,,,,,,,,,,,,,,,,,,,,,,,,,,,,,,,,,,,,,,,,,,,,,,,,,,
RISO4,water iso,155.1162,155.1262,-120,-100,30,0,155.01940263687965,155.02440263687964,155.02940263687967,-291.25,-19.42,-36.55,1.15,,,,,,,,,,,,,,,,,,,,,,,,,,,,,,,,,,,,,,,,,,,,,,,,,,,,,,,,,,,,,,,,,,,,,,
RISO5,water iso,155.1272,155.1372,-120,-100,30,0,155.03040263687964,155.03540263687967,155.04040263687966,-291.13,-19.45,-36.55,1.28,,,,,,,,,,,,,,,,,,,,,,,,,,,,,,,,,,,,,,,,,,,,,,,,,,,,,,,,,,,,,,,,,,,,,,
RISO6,water iso,155.1383,155.1483,-120,-100,30,0,155.04150263687964,155.0465026368797,155.05150263687966,-290.97,-19.44,-36.5,1.02,,,,,,,,,,,,,,,,,,,,,,,,,,,,,,,,,,,,,,,,,,,,,,,,,,,,,,,,,,,,,,,,,,,,,,
RISO7,water iso,155.1493,155.1593,-120,-100,30,0,155.05250263687967,155.05750263687966,155.06250263687966,-291.77,-19.41,-36.46,-0.07,,,,,,,,,,,,,,,,,,,,,,,,,,,,,,,,,,,,,,,,,,,,,,,,,,,,,,,,,,,,,,,,,,,,,,
RISO8,water iso,155.1604,155.1704,-120,-100,30,0,155.06360263687966,155.06860263687966,155.07360263687966,-291.29,-19.37,-36.42,0.04,,,,,,,,,,,,,,,,,,,,,,,,,,,,,,,,,,,,,,,,,,,,,,,,,,,,,,,,,,,,,,,,,,,,,,
RISO9,water iso,155.1714,155.1814,-120,-100,30,0,155.07460263687966,155.07960263687966,155.08460263687965,-291.16,-19.36,-36.42,0.21,,,,,,,,,,,,,,,,,,,,,,,,,,,,,,,,,,,,,,,,,,,,,,,,,,,,,,,,,,,,,,,,,,,,,,
RISO10,water iso,155.1825,155.1925,-120,-100,30,0,155.08570263687966,155.09070263687966,155.09570263687965,-291.09,-19.38,-36.4,0.11,,,,,,,,,,,,,,,,,,,,,,,,,,,,,,,,,,,,,,,,,,,,,,,,,,,,,,,,,,,,,,,,,,,,,,
RISO11,water iso,155.1935,155.2035,-120,-100,30,0,155.09670263687966,155.10170263687965,155.10670263687965,-290.53,-19.33,-36.31,-0.01,,,,,,,,,,,,,,,,,,,,,,,,,,,,,,,,,,,,,,,,,,,,,,,,,,,,,,,,,,,,,,,,,,,,,,
RISO12,water iso,155.2046,155.2146,-120,-100,30,0,155.10780263687963,155.11280263687965,155.11780263687965,-290.19,-19.32,-36.29,0.15,,,,,,,,,,,,,,,,,,,,,,,,,,,,,,,,,,,,,,,,,,,,,,,,,,,,,,,,,,,,,,,,,,,,,,
RISO13,water iso,155.2156,155.2256,-120,-100,30,0,155.11880263687965,155.12380263687965,155.12880263687964,-290.24,-19.37,-36.34,0.49,,,,,,,,,,,,,,,,,,,,,,,,,,,,,,,,,,,,,,,,,,,,,,,,,,,,,,,,,,,,,,,,,,,,,,
RISO14,water iso,155.2267,155.2367,-120,-100,30,0,155.12990263687965,155.13490263687964,155.13990263687967,-291.3,-19.38,-36.44,0.21,,,,,,,,,,,,,,,,,,,,,,,,,,,,,,,,,,,,,,,,,,,,,,,,,,,,,,,,,,,,,,,,,,,,,,
RISO15,water iso,155.2377,155.2477,-120,-100,30,0,155.14090263687964,155.14590263687967,155.15090263687966,-292.87,,-36.64,0.21,,,,,,,,,,,,,,,,,,,,,,,,,,,,,,,,,,,,,,,,,,,,,,,,,,,,,,,,,,,,,,,,,,,,,,
RISO16,water iso,155.2488,155.2588,-120,-100,30,0,155.15200263687964,155.15700263687967,155.16200263687966,-294.63,-19.64,-36.89,0.48,,,,,,,,,,,,,,,,,,,,,,,,,,,,,,,,,,,,,,,,,,,,,,,,,,,,,,,,,,,,,,,,,,,,,,
RISO17,water iso,155.2598,155.2698,-120,-100,30,0,155.16300263687967,155.16800263687966,155.17300263687966,-295.45,-19.73,-37.03,0.82,,,,,,,,,,,,,,,,,,,,,,,,,,,,,,,,,,,,,,,,,,,,,,,,,,,,,,,,,,,,,,,,,,,,,,
RISO18,water iso,155.2709,155.2809,-120,-100,30,0,155.17410263687967,155.17910263687966,155.18410263687966,-296.16,-19.8,-37.17,1.18,,,,,,,,,,,,,,,,,,,,,,,,,,,,,,,,,,,,,,,,,,,,,,,,,,,,,,,,,,,,,,,,,,,,,,
RISO19,water iso,155.2819,155.2919,-120,-100,30,0,155.18510263687966,155.19010263687966,155.19510263687965,-296.13,-19.75,-37.07,0.41,,,,,,,,,,,,,,,,,,,,,,,,,,,,,,,,,,,,,,,,,,,,,,,,,,,,,,,,,,,,,,,,,,,,,,
RISO20,water iso,155.293,155.303,-120,-100,30,0,155.19620263687966,155.20120263687966,155.20620263687965,-295.7,-19.7,-37.0,0.28,,,,,,,,,,,,,,,,,,,,,,,,,,,,,,,,,,,,,,,,,,,,,,,,,,,,,,,,,,,,,,,,,,,,,,
RISO21,water iso,155.304,155.321,-120,-100,30,0,155.20720263687966,155.21570263687966,155.22420263687965,-294.75,-19.61,-36.86,0.14,,,,,,,,,,,,,,,,,,,,,,,,,,,,,,,,,,,,,,,,,,,,,,,,,,,,,,,,,,,,,,,,,,,,,,
CISO1,water iso,155.065,155.075,-15,15,-100,-115,155.1482457322835,155.1532457322835,155.1582457322835,-290.58,,-36.57,2.01,,,,,,,,,,,,,,,,,,,,,,,,,,,,,,,,,,,,,,,,,,,,,,,,,,,,,,,,,,,,,,,,,,,,,,
CISO2,water iso,155.075,155.085,-15,15,-100,-115,155.1582457322835,155.16324573228349,155.1682457322835,-290.97,,-36.56,1.49,,,,,,,,,,,,,,,,,,,,,,,,,,,,,,,,,,,,,,,,,,,,,,,,,,,,,,,,,,,,,,,,,,,,,,
CISO3,water iso,155.085,155.095,-15,15,-100,-115,155.1682457322835,155.1732457322835,155.1782457322835,-290.94,,-36.58,1.68,,,,,,,,,,,,,,,,,,,,,,,,,,,,,,,,,,,,,,,,,,,,,,,,,,,,,,,,,,,,,,,,,,,,,,
CISO4,water iso,155.095,155.105,-15,15,-100,-115,155.1782457322835,155.1832457322835,155.1882457322835,-291.05,,-36.6,1.76,,,,,,,,,,,,,,,,,,,,,,,,,,,,,,,,,,,,,,,,,,,,,,,,,,,,,,,,,,,,,,,,,,,,,,
CISO5,water iso,155.105,155.115,-15,15,-100,-115,155.1882457322835,155.19324573228351,155.1982457322835,-291.06,,-36.6,1.75,,,,,,,,,,,,,,,,,,,,,,,,,,,,,,,,,,,,,,,,,,,,,,,,,,,,,,,,,,,,,,,,,,,,,,
CISO6,water iso,155.115,155.125,-15,15,-100,-115,155.1982457322835,155.2032457322835,155.2082457322835,-291.33,,-36.61,1.57,,,,,,,,,,,,,,,,,,,,,,,,,,,,,,,,,,,,,,,,,,,,,,,,,,,,,,,,,,,,,,,,,,,,,,
CISO7,water iso,155.125,155.135,-15,15,-100,-115,155.2082457322835,155.2132457322835,155.2182457322835,-291.58,,-36.58,1.07,,,,,,,,,,,,,,,,,,,,,,,,,,,,,,,,,,,,,,,,,,,,,,,,,,,,,,,,,,,,,,,,,,,,,,
CISO8,water iso,155.135,155.145,-15,15,-100,-115,155.2182457322835,155.2232457322835,155.2282457322835,-291.17,,-36.59,1.54,,,,,,,,,,,,,,,,,,,,,,,,,,,,,,,,,,,,,,,,,,,,,,,,,,,,,,,,,,,,,,,,,,,,,,
CISO9,water iso,155.145,155.155,-15,15,-100,-115,155.2282457322835,155.2332457322835,155.2382457322835,-291.12,,-36.57,1.46,,,,,,,,,,,,,,,,,,,,,,,,,,,,,,,,,,,,,,,,,,,,,,,,,,,,,,,,,,,,,,,,,,,,,,
CISO10,water iso,155.155,155.165,-15,15,-100,-115,155.2382457322835,155.2432457322835,155.2482457322835,-290.66,,-36.51,1.46,,,,,,,,,,,,,,,,,,,,,,,,,,,,,,,,,,,,,,,,,,,,,,,,,,,,,,,,,,,,,,,,,,,,,,
CISO11,water iso,155.165,155.175,-15,15,-100,-115,155.2482457322835,155.25324573228352,155.2582457322835,-290.4,,-36.45,1.16,,,,,,,,,,,,,,,,,,,,,,,,,,,,,,,,,,,,,,,,,,,,,,,,,,,,,,,,,,,,,,,,,,,,,,
CISO12,water iso,155.175,155.185,-15,15,-100,-115,155.2582457322835,155.2632457322835,155.2682457322835,-290.22,,-36.41,1.03,,,,,,,,,,,,,,,,,,,,,,,,,,,,,,,,,,,,,,,,,,,,,,,,,,,,,,,,,,,,,,,,,,,,,,
CISO13,water iso,155.185,155.195,-15,15,-100,-115,155.2682457322835,155.2732457322835,155.2782457322835,-291.75,,-36.62,1.19,,,,,,,,,,,,,,,,,,,,,,,,,,,,,,,,,,,,,,,,,,,,,,,,,,,,,,,,,,,,,,,,,,,,,,
CISO14,water iso,155.195,155.205,-15,15,-100,-115,155.2782457322835,155.2832457322835,155.2882457322835,-293.52,,-36.83,1.13,,,,,,,,,,,,,,,,,,,,,,,,,,,,,,,,,,,,,,,,,,,,,,,,,,,,,,,,,,,,,,,,,,,,,,
CISO15,water iso,155.205,155.215,-15,15,-100,-115,155.2882457322835,155.2932457322835,155.2982457322835,-295.11,,-37.03,1.15,,,,,,,,,,,,,,,,,,,,,,,,,,,,,,,,,,,,,,,,,,,,,,,,,,,,,,,,,,,,,,,,,,,,,,
CISO16,water iso,155.215,155.225,-15,15,-100,-115,155.2982457322835,155.3032457322835,155.3082457322835,-296.37,,-37.17,0.99,,,,,,,,,,,,,,,,,,,,,,,,,,,,,,,,,,,,,,,,,,,,,,,,,,,,,,,,,,,,,,,,,,,,,,
CISO17,water iso,155.225,155.235,-15,15,-100,-115,155.3082457322835,155.31324573228352,155.31824573228351,-299.77,,-37.33,-1.1,,,,,,,,,,,,,,,,,,,,,,,,,,,,,,,,,,,,,,,,,,,,,,,,,,,,,,,,,,,,,,,,,,,,,,
CISO18,water iso,155.235,155.245,-15,15,-100,-115,155.31824573228351,155.3232457322835,155.3282457322835,-296.68,,-37.23,1.2,,,,,,,,,,,,,,,,,,,,,,,,,,,,,,,,,,,,,,,,,,,,,,,,,,,,,,,,,,,,,,,,,,,,,,
CISO19,water iso,155.245,155.255,-15,15,-100,-115,155.3282457322835,155.3332457322835,155.3382457322835,-296.16,,-37.18,1.25,,,,,,,,,,,,,,,,,,,,,,,,,,,,,,,,,,,,,,,,,,,,,,,,,,,,,,,,,,,,,,,,,,,,,,
CISO20,water iso,155.255,155.265,-15,15,-100,-115,155.3382457322835,155.3432457322835,155.3482457322835,-295.65,,-37.08,1.01,,,,,,,,,,,,,,,,,,,,,,,,,,,,,,,,,,,,,,,,,,,,,,,,,,,,,,,,,,,,,,,,,,,,,,
CISO21,water iso,155.265,155.275,-15,15,-100,-115,155.3482457322835,155.35324573228348,155.3582457322835,-294.96,,-37.01,1.08,,,,,,,,,,,,,,,,,,,,,,,,,,,,,,,,,,,,,,,,,,,,,,,,,,,,,,,,,,,,,,,,,,,,,,
CISO22,water iso,155.275,155.285,-15,15,-100,-115,155.3582457322835,155.3632457322835,155.3682457322835,-294.42,,-36.98,1.42,,,,,,,,,,,,,,,,,,,,,,,,,,,,,,,,,,,,,,,,,,,,,,,,,,,,,,,,,,,,,,,,,,,,,,
CISO23,water iso,155.285,155.295,-15,15,-100,-115,155.3682457322835,155.3732457322835,155.3782457322835,-293.47,,-36.89,1.69,,,,,,,,,,,,,,,,,,,,,,,,,,,,,,,,,,,,,,,,,,,,,,,,,,,,,,,,,,,,,,,,,,,,,,
CISO24,water iso,155.295,155.305,-15,15,-100,-115,155.3782457322835,155.3832457322835,155.3882457322835,-293.29,,-36.8,1.15,,,,,,,,,,,,,,,,,,,,,,,,,,,,,,,,,,,,,,,,,,,,,,,,,,,,,,,,,,,,,,,,,,,,,,
CISO25,water iso,155.305,155.315,-15,15,-100,-115,155.3882457322835,155.3932457322835,155.3982457322835,-293.03,,-36.8,1.4,,,,,,,,,,,,,,,,,,,,,,,,,,,,,,,,,,,,,,,,,,,,,,,,,,,,,,,,,,,,,,,,,,,,,,
CISO26,water iso,155.315,155.325,-15,15,-100,-115,155.3982457322835,155.4032457322835,155.4082457322835,-292.69,,-36.74,1.26,,,,,,,,,,,,,,,,,,,,,,,,,,,,,,,,,,,,,,,,,,,,,,,,,,,,,,,,,,,,,,,,,,,,,,
CISO27,water iso,155.325,155.335,-15,15,-100,-115,155.4082457322835,155.41324573228349,155.4182457322835,-292.57,,-36.73,1.27,,,,,,,,,,,,,,,,,,,,,,,,,,,,,,,,,,,,,,,,,,,,,,,,,,,,,,,,,,,,,,,,,,,,,,
CISO28,water iso,155.335,155.345,-15,15,-100,-115,155.4182457322835,155.4232457322835,155.4282457322835,-291.59,,-36.64,1.57,,,,,,,,,,,,,,,,,,,,,,,,,,,,,,,,,,,,,,,,,,,,,,,,,,,,,,,,,,,,,,,,,,,,,,
LOSU,co2,155.065,155.338,40,75,-100,-115,155.19277251931888,155.3292725193189,155.46577251931888,,,,,,,,,,,,,,,,,,,,,,,,,,,,,,,,,,,,,,,,,,,,,,,,,,,,,,,,,,,,,,,,,,,,,,,,,,
ROSU,co2,155.083,155.328,-50,0,-100,-115,155.14688625965942,155.26938625965943,155.39188625965943,,,,,,,,,,,,,,,,,,,,,,,,,,,,,,,,,,,,,,,,,,,,,,,,,,,,,,,,,,,,,,,,,,,,,,,,,,
LSIO,d18O and O2/N2,155.065,155.338,5,35,-100,-115,155.16373331038275,155.30023331038277,155.43673331038275,,,,,,,,,,,,,,,,,,,,,,,,,,,,,,,,,,,,,,,,,,,,,,,,,,,,,,,,,,,,,,,,,,,,,,,,,,
RSIO,d18O and O2/N2,155.083,155.328,-90,-55,-100,-115,155.1101032616737,155.2326032616737,155.3551032616737,,,,,,,,,,,,,,,,,,,,,,,,,,,,,,,,,,,,,,,,,,,,,,,,,,,,,,,,,,,,,,,,,,,,,,,,,,
LCO21,placeholder CO2,155.07,155.0925,75,40,30,0,155.10291110346094,155.11416110346096,155.12541110346095,,,,,,,,,,,,,,,,,,,,,,,,,,,,,,,,,,,,,,,,,,,,,,,,,,,,,,,,,,,,,,,,,,,,,,,,,,646.0
LCO22,placeholder CO2,155.0925,155.1125,75,40,30,0,155.12541110346095,155.13541110346097,155.14541110346096,,,,,,,,,,,,,,,,,,,,,,,,,,,,,,,,,,,,,,,,,,,,,,,,,,,,,,,,,,,,,,,,,,,,,,,,,,751.0
LCO23,placeholder CO2,155.1125,155.14,75,40,30,0,155.14541110346096,155.15916110346097,155.17291110346093,,,,,,,,,,,,,,,,,,,,,,,,,,,,,,,,,,,,,,,,,,,,,,,,,,,,,,,,,,,,,,,,,,,,,,,,,,799.0
LCO24,placeholder CO2,155.14,155.1625,75,40,30,0,155.17291110346093,155.18416110346095,155.19541110346094,,,,,,,,,,,,,,,,,,,,,,,,,,,,,,,,,,,,,,,,,,,,,,,,,,,,,,,,,,,,,,,,,,,,,,,,,,822.0
LCO25,placeholder CO2,155.1625,155.1825,75,40,30,0,155.19541110346094,155.20541110346096,155.21541110346095,,,,,,,,,,,,,,,,,,,,,,,,,,,,,,,,,,,,,,,,,,,,,,,,,,,,,,,,,,,,,,,,,,,,,,,,,,818.9
LCO26,placeholder CO2,155.1825,155.2025,75,40,30,0,155.21541110346095,155.22541110346094,155.23541110346093,,,,,,,,,,,,,,,,,,,,,,,,,,,,,,,,,,,,,,,,,,,,,,,,,,,,,,,,,,,,,,,,,,,,,,,,,,793.46
LCO27,placeholder CO2,155.2025,155.2225,75,40,30,0,155.23541110346093,155.24541110346092,155.25541110346094,,,,,,,,,,,,,,,,,,,,,,,,,,,,,,,,,,,,,,,,,,,,,,,,,,,,,,,,,,,,,,,,,,,,,,,,,,773.09
LCO28,placeholder CO2,155.2225,155.2575,75,40,30,0,155.25541110346094,155.27291110346096,155.29041110346094,,,,,,,,,,,,,,,,,,,,,,,,,,,,,,,,,,,,,,,,,,,,,,,,,,,,,,,,,,,,,,,,,,,,,,,,,,741.4
LCO29,placeholder CO2,155.2575,155.2775,75,40,30,0,155.29041110346094,155.30041110346093,155.31041110346095,,,,,,,,,,,,,,,,,,,,,,,,,,,,,,,,,,,,,,,,,,,,,,,,,,,,,,,,,,,,,,,,,,,,,,,,,,731.26
